date,forecast_qty_total,forecast_qty_total_lower,forecast_qty_total_upper,sku_id
2024-12-24,1.0,0.999999998686002,1.0000000012275956,46303774477
2024-12-25,1.0,0.999999998495331,1.0000000016307211,46303774477
2024-12-26,1.0,0.9999999983472925,1.00000000207045,46303774477
2024-12-27,1.0,0.9999999977490756,1.0000000029463951,46303774477
2024-12-28,1.0,0.9999999965424801,1.0000000044840218,46303774477
2024-12-29,1.0,0.9999999950483961,1.0000000065787569,46303774477
2024-12-30,1.0,0.9999999928809458,1.0000000082620293,46303774477
2024-12-31,1.0,0.9999999918583975,1.0000000106751525,46303774477
2025-01-01,1.0,0.9999999887798758,1.0000000134056175,46303774477
2025-01-02,1.0,0.9999999864932585,1.0000000156693987,46303774477
2025-01-03,1.0,0.9999999839632138,1.000000018115971,46303774477
2025-01-04,1.0,0.9999999810772544,1.0000000212847624,46303774477
2025-01-05,1.0,0.9999999785932493,1.0000000240656002,46303774477
2025-01-06,1.0,0.999999975362603,1.0000000266670086,46303774477
2025-01-07,1.0,0.9999999718972915,1.0000000307723331,46303774477
2025-01-08,1.0,0.9999999683833832,1.000000034655619,46303774477
2025-01-09,1.0,0.9999999656745128,1.000000038304013,46303774477
2025-01-10,1.0,0.9999999629402719,1.0000000419243718,46303774477
2025-01-11,1.0,0.9999999583709612,1.0000000458727343,46303774477
2025-01-12,1.0,0.9999999547221112,1.0000000493849568,46303774477
2025-01-13,1.0,0.9999999522907584,1.000000053300431,46303774477
2025-01-14,1.0,0.9999999486331046,1.0000000573136432,46303774477
2025-01-15,1.0,0.9999999442440314,1.000000062145512,46303774477
2025-01-16,1.0,0.9999999421037151,1.0000000661876816,46303774477
2025-01-17,1.0,0.9999999374902138,1.0000000720347895,46303774477
2025-01-18,1.0,0.9999999336075951,1.0000000764492845,46303774477
2025-01-19,1.0,0.999999929930485,1.0000000811855747,46303774477
2025-01-20,1.0,0.9999999261282515,1.0000000855045112,46303774477
2025-03-04,1.9999996656589083,1.9999996656575112,1.9999996656603802,46303862950
2025-03-05,1.9999996656589087,1.9999996656573484,1.999999665660383,46303862950
2025-03-06,1.9999996656589092,1.9999996656572692,1.99999966566062,46303862950
2025-03-07,1.9999996656589092,1.9999996656570784,1.9999996656610595,46303862950
2025-03-08,1.9999996656589096,1.9999996656568475,1.9999996656611052,46303862950
2025-03-09,1.99999966565891,1.9999996656564325,2.000007295988759,46303862950
2025-03-10,1.99999966565891,1.9999864336164008,2.000044267381845,46303862950
2025-03-11,1.9999996656589105,1.9999431657189937,2.0000878797684662,46303862950
2025-03-12,1.9999996656589105,1.9998644264792642,2.00015842485026,46303862950
2025-03-13,1.999999665658911,1.999829896450114,2.0002079362766834,46303862950
2025-03-14,1.9999996656589114,1.9997710659445078,2.000295430895695,46303862950
2025-03-15,1.9999996656589114,1.9997154252617353,2.0003612479791117,46303862950
2025-03-16,1.9999996656589119,1.999668846603215,2.0004453531104924,46303862950
2025-03-17,1.9999996656589123,1.9995533681373896,2.0005401802827474,46303862950
2025-03-18,1.9999996656589123,1.9994566488810914,2.000662459222818,46303862950
2025-03-19,1.9999996656589127,1.9993533467292939,2.0007738902435954,46303862950
2025-03-20,1.9999996656589132,1.9992218519932088,2.000863634246692,46303862950
2025-03-21,1.9999996656589132,1.9991221040428158,2.0009490458033516,46303862950
2025-03-22,1.9999996656589136,1.9990056928901718,2.0010380576563893,46303862950
2025-03-23,1.9999996656589136,1.9988832138305201,2.001121537236309,46303862950
2025-03-24,1.999999665658914,1.9988029917689198,2.0012926126153214,46303862950
2025-03-25,1.9999996656589145,1.9986996850921102,2.0013903630617507,46303862950
2025-03-26,1.9999996656589145,1.9985729763135274,2.0014720152201546,46303862950
2025-03-27,1.999999665658915,1.9984151080085835,2.0015847672554266,46303862950
2025-03-28,1.9999996656589154,1.9981682893134782,2.00174425852159,46303862950
2025-03-29,1.9999996656589154,1.9979583243370327,2.0018580352399966,46303862950
2025-03-30,1.9999996656589158,1.9977741349006464,2.0020172922683943,46303862950
2025-03-31,1.9999996656589163,1.9976270989116611,2.002169758542621,46303862950
2025-03-04,5.434594712288739,1.3477125680492121,9.414158755031155,46303877432
2025-03-05,4.865590756422694,0.9151193500051376,9.0434087234656,46303877432
2025-03-06,4.296586800556636,0.3021141657949264,8.236874741310933,46303877432
2025-03-07,3.727582844690591,-0.40624677531739123,7.747804896476976,46303877432
2025-03-08,3.1585788888245467,-1.1391130545571455,7.168553478564398,46303877432
2025-03-09,2.5895749329585023,-1.6297774845954036,6.521961484605302,46303877432
2025-03-10,2.020570977092458,-1.910918034303999,6.059899358091809,46303877432
2025-03-11,1.4515670212264133,-2.804912801975761,5.954623056946892,46303877432
2025-03-12,0.8825630653603618,-3.366742234696907,5.177655433323261,46303877432
2025-03-13,0.3135591094943173,-3.699700569663599,4.4900910842119615,46303877432
2025-03-14,-0.25544484637172715,-3.7701314972525553,3.8905553140857365,46303877432
2025-03-15,-0.8244488022377716,-4.900505997754027,3.213133960797344,46303877432
2025-03-16,-1.393452758103816,-5.623029246824418,2.814459080364342,46303877432
2025-03-17,-1.9624567139698605,-5.922539337640595,2.1632599851902667,46303877432
2025-03-18,-2.531460669835919,-6.632096220746786,1.6584137793235685,46303877432
2025-03-19,-3.1004646257019637,-7.238347337855471,1.0865985094196293,46303877432
2025-03-20,-3.669468581568008,-7.681303918957933,0.5998168579825782,46303877432
2025-03-21,-4.238472537434053,-8.50379186626668,-0.2963164555857113,46303877432
2025-03-22,-4.807476493300097,-8.868633489601386,-0.7936713762129048,46303877432
2025-03-23,-5.376480449166149,-9.274345112619102,-0.9760831190380821,46303877432
2025-03-24,-5.945484405032193,-10.12425532268463,-1.8795313808415364,46303877432
2025-03-25,-6.514488360898238,-10.55814952649046,-2.518961365664223,46303877432
2025-03-26,-7.083492316764289,-11.190734913421625,-2.839986143890548,46303877432
2025-03-27,-7.6524962726303265,-11.76486352445965,-3.7571108880779023,46303877432
2025-03-28,-8.221500228496378,-12.252809720945338,-3.8896533169653664,46303877432
2025-03-29,-8.79050418436243,-12.868695632981318,-4.210363340768728,46303877432
2025-03-30,-9.359508140228467,-13.198462382455578,-4.97205428682091,46303877432
2025-03-31,-9.928512096094519,-13.67451511449942,-5.797946781105858,46303877432
2024-12-31,3.9986594018922714,1.1276344962882945,6.973495548346725,46303948414
2025-01-01,4.018659914392803,1.1151480346112377,6.9049134074640826,46303948414
2025-01-02,4.038660426893334,0.9421350049054514,7.243594220215032,46303948414
2025-01-03,4.0586609393938655,1.1671686694004202,7.064019996803487,46303948414
2025-01-04,4.078661451894397,1.3641494144976463,7.285285573571769,46303948414
2025-01-05,4.098661964394928,1.2071571753769375,6.961612776181515,46303948414
2025-01-06,4.11866247689546,1.168157666409536,7.010051916352231,46303948414
2025-01-07,4.138662989395991,0.9717748434389201,7.277439996571703,46303948414
2025-01-08,4.158663501896522,1.1039538672234717,6.926610655655757,46303948414
2025-01-09,4.178664014397054,1.2080763595868562,7.159804297067123,46303948414
2025-01-10,4.198664526897585,1.3001675720528714,7.430262442772438,46303948414
2025-01-11,4.218665039398116,1.2659744136920559,7.094902704352001,46303948414
2025-01-12,4.238665551898649,1.4391097229400358,7.486830323332916,46303948414
2025-01-13,4.258666064399179,1.4043926344333886,7.259585849796543,46303948414
2025-01-14,4.278666576899711,1.2654676870020405,7.29673139994179,46303948414
2025-01-15,4.298667089400243,1.5096132626267684,7.319793192880933,46303948414
2025-01-16,4.318667601900774,1.3857967292353948,7.4129238409097065,46303948414
2025-01-17,4.3386681144013055,1.0876724713426291,7.335382486098441,46303948414
2025-01-18,4.358668626901837,1.415379830407149,7.37137336403461,46303948414
2025-01-19,4.378669139402368,1.6110994481654286,7.354736278359761,46303948414
2025-01-20,4.3986696519029,1.3838972002482655,7.448886362999273,46303948414
2025-01-21,4.418670164403431,1.426069904691324,7.350017742889317,46303948414
2025-01-22,4.438670676903962,1.5676927465098944,7.629967223448443,46303948414
2025-01-23,4.458671189404494,1.5308251885353241,7.483093392601018,46303948414
2025-01-24,4.478671701905025,1.3784149068494789,7.404656672451306,46303948414
2025-01-25,4.498672214405557,1.4832767449963784,7.484522763763377,46303948414
2025-01-26,4.518672726906088,1.5715984820384057,7.147428754793357,46303948414
2025-01-27,4.53867323940662,1.4667259729144932,7.461191873399045,46303948414
2024-12-17,7.714272166685397,7.714272165920748,7.714272167422693,46308044959
2024-12-18,8.428557166762566,8.428557166006682,8.428557167618067,46308044959
2024-12-19,9.142842166839738,9.14284216590673,9.142842167761488,46308044959
2024-12-20,9.85712716691691,9.857127165813871,9.857127168330651,46308044959
2024-12-21,10.57141216699408,10.571412164731159,10.57141217060224,46308044959
2024-12-22,11.285697167071252,11.28569716202977,11.285697174247481,46308044959
2024-12-23,11.99998216714842,11.999982158826853,11.999982179030912,46308044959
2024-12-24,12.714267167225593,12.71426715593045,12.714267182711975,46308044959
2024-12-25,13.428552167302762,13.428552151544864,13.428552188599564,46308044959
2024-12-26,14.14283716737993,14.142837146086078,14.142837197347523,46308044959
2024-12-27,14.857122167457103,14.857122142069015,14.857122201998806,46308044959
2024-12-28,15.571407167534275,15.571407134543826,15.5714072105201,46308044959
2024-12-29,16.285692167611444,16.285692128207476,16.28569221638783,46308044959
2024-12-30,16.999977167688613,16.999977121945197,16.999977223723032,46308044959
2024-12-31,17.714262167765785,17.714262114536446,17.71426222875533,46308044959
2025-01-01,18.428547167842954,18.428547108007532,18.42854723507685,46308044959
2025-01-02,19.142832167920126,19.142832103027665,19.14283224544367,46308044959
2025-01-03,19.857117167997295,19.857117096439953,19.857117257844738,46308044959
2025-01-04,20.571402168074467,20.571402088547565,20.571402264863305,46308044959
2025-01-05,21.285687168151632,21.28568708242486,21.28568727078781,46308044959
2025-01-06,21.999972168228805,21.99997207234597,21.999972277244805,46308044959
2025-01-07,22.714257168305984,22.714257062866036,22.714257283494607,46308044959
2025-01-08,23.428542168383146,23.428542053438193,23.428542291354923,46308044959
2025-01-09,24.14282716846032,24.142827042697117,24.142827302198157,46308044959
2025-01-10,24.85711216853749,24.857112031107636,24.857112313128198,46308044959
2025-01-11,25.57139716861466,25.57139701985352,25.57139732354997,46308044959
2025-01-12,26.285682168691828,26.285682006017538,26.285682333241233,46308044959
2025-01-13,26.999967168768997,26.999966992624344,26.999967342947144,46308044959
2024-12-24,2.2106782424648124,1.6322702338006374,2.8178686763699043,46310250952
2024-12-25,2.4867677651325204,1.8866947250344281,3.06066906001057,46310250952
2024-12-26,2.7628572878002275,2.145310169517926,3.3744573062392287,46310250952
2024-12-27,3.0389468104679356,2.455614116101671,3.579998384073068,46310250952
2024-12-28,3.3150363331356436,2.715222597449021,3.8731471109958844,46310250952
2024-12-29,3.5911258558033516,2.977258714738432,4.176776724123215,46310250952
2024-12-30,3.867215378471059,3.29492346245053,4.473740182999567,46310250952
2024-12-31,4.143304901138767,3.5578102534577862,4.714844671106408,46310250952
2025-01-01,4.419394423806477,3.826354755557083,4.9984709595891275,46310250952
2025-01-02,4.695483946474184,4.096240930552553,5.2460771758946025,46310250952
2025-01-03,4.971573469141891,4.386145867697793,5.591512891455877,46310250952
2025-01-04,5.247662991809598,4.64024834683654,5.84079953842125,46310250952
2025-01-05,5.523752514477307,4.924531551212087,6.098790743996943,46310250952
2025-01-06,5.799842037145016,5.179063880478452,6.391951803977642,46310250952
2025-01-07,6.075931559812721,5.491044747878559,6.635353047260871,46310250952
2025-01-08,6.35202108248043,5.7723333330967845,6.888421346332747,46310250952
2025-01-09,6.628110605148139,6.0198961571904634,7.2247600995513315,46310250952
2025-01-10,6.904200127815846,6.278031039016852,7.442354390313781,46310250952
2025-01-11,7.180289650483553,6.584576771126791,7.758261078599317,46310250952
2025-01-12,7.4563791731512605,6.807382811794469,8.012008033574135,46310250952
2025-01-13,7.7324686958189695,7.135196443149299,8.343319374842643,46310250952
2025-01-14,8.008558218486677,7.423926780537017,8.582041624409754,46310250952
2025-01-15,8.284647741154386,7.677812151413262,8.880279058459676,46310250952
2025-01-16,8.560737263822093,7.965248705004431,9.14197880824934,46310250952
2025-01-17,8.836826786489802,8.226512781954728,9.414089334481627,46310250952
2025-01-18,9.112916309157509,8.502504105813497,9.649994012522049,46310250952
2025-01-19,9.389005831825216,8.784518852360097,9.9771807869156,46310250952
2025-01-20,9.665095354492925,9.067979140251577,10.257762237087977,46310250952
2024-12-31,3.4704235670414283,2.6406716867547866,4.3182630785800695,46310280482
2025-01-01,3.439880888497841,2.570598424177442,4.278258734802599,46310280482
2025-01-02,3.4093382099542535,2.535290339526999,4.2410831582910244,46310280482
2025-01-03,3.378795531410666,2.491264600574267,4.1316513852041545,46310280482
2025-01-04,3.3482528528670787,2.576820319571488,4.205870547054659,46310280482
2025-01-05,3.317710174323491,2.3940299907247,4.1638813840870545,46310280482
2025-01-06,3.2871674957799035,2.4231635477321976,4.07840953007301,46310280482
2025-01-07,3.256624817236316,2.4336391681720397,4.112202551794999,46310280482
2025-01-08,3.2260821386927288,2.36297408968887,4.067041665973488,46310280482
2025-01-09,3.195539460149141,2.3213520987730427,4.054698845581048,46310280482
2025-01-10,3.1649967816055535,2.3245687250178775,4.039154462434936,46310280482
2025-01-11,3.134454103061966,2.229724036340584,3.9502292253964737,46310280482
2025-01-12,3.1039114245183788,2.272212956758032,3.9697103182004643,46310280482
2025-01-13,3.073368745974791,2.1913787176692416,3.9359246592095927,46310280482
2025-01-14,3.0428260674312035,2.2300848979447894,3.8893578266059747,46310280482
2025-01-15,3.012283388887616,2.140272050764268,3.8823453408725386,46310280482
2025-01-16,2.9817407103440283,2.095494379457846,3.793311182896935,46310280482
2025-01-17,2.951198031800441,2.093941996788107,3.8096385313162293,46310280482
2025-01-18,2.9206553532568535,2.0716402772883042,3.803662137935678,46310280482
2025-01-19,2.890112674713266,2.0263681142879864,3.7282675184008576,46310280482
2025-01-20,2.8595699961696788,2.0706256896731916,3.714234064164375,46310280482
2025-01-21,2.829027317626091,2.0482981546361096,3.7106839220789705,46310280482
2025-01-22,2.7984846390825036,1.914737181374273,3.6312723224350227,46310280482
2025-01-23,2.7679419605389164,1.8117310053664202,3.5982289302746406,46310280482
2025-01-24,2.7373992819953283,1.9042122259939944,3.5253866594256484,46310280482
2025-01-25,2.706856603451741,1.8701562234859062,3.5356128631423345,46310280482
2025-01-26,2.6763139249081536,1.9286359910627875,3.504394239683041,46310280482
2025-01-27,2.645771246364566,1.8473499618153146,3.563030237420975,46310280482
2024-12-24,7.141182638575681,5.633984609964675,8.64323867877048,46310291987
2024-12-25,7.282493971835659,5.716683840769627,8.753471143220503,46310291987
2024-12-26,7.423805305095636,5.961024179163559,8.98428149205958,46310291987
2024-12-27,7.565116638355613,5.970718107922885,9.166263466569282,46310291987
2024-12-28,7.706427971615591,6.182283101207159,9.222993684036444,46310291987
2024-12-29,7.847739304875568,6.3967481832449185,9.356319450140159,46310291987
2024-12-30,7.989050638135545,6.529531315591082,9.459387653847767,46310291987
2024-12-31,8.130361971395523,6.597248320885037,9.633224308588394,46310291987
2025-01-01,8.2716733046555,6.762307527538533,9.80082596304761,46310291987
2025-01-02,8.412984637915478,6.986295052389242,9.974771079802034,46310291987
2025-01-03,8.554295971175456,7.161660451350352,10.120347736354388,46310291987
2025-01-04,8.695607304435434,7.201019222596166,10.161923811723751,46310291987
2025-01-05,8.836918637695412,7.461505098817037,10.338315966291681,46310291987
2025-01-06,8.97822997095539,7.418736829894443,10.51526462348788,46310291987
2025-01-07,9.119541304215364,7.5835700043476715,10.627819005465106,46310291987
2025-01-08,9.260852637475342,7.678570820887176,10.751626249596463,46310291987
2025-01-09,9.402163970735321,7.842367214789064,10.871562289023625,46310291987
2025-01-10,9.543475303995299,7.947906163741139,11.04095990703478,46310291987
2025-01-11,9.684786637255275,8.150997703412676,11.207599944757716,46310291987
2025-01-12,9.826097970515253,8.173958041892028,11.366644855955641,46310291987
2025-01-13,9.96740930377523,8.543978521406345,11.51657197602271,46310291987
2025-01-14,10.108720637035209,8.517052724382298,11.721688493833609,46310291987
2025-01-15,10.250031970295186,8.754247169445904,11.752928102474687,46310291987
2025-01-16,10.39134330355516,8.810921947746449,11.711901245321023,46310291987
2025-01-17,10.532654636815142,9.06772877595961,12.082000759402435,46310291987
2025-01-18,10.67396597007512,9.175792986944211,12.270864840603515,46310291987
2025-01-19,10.815277303335094,9.237540772144177,12.37272334236071,46310291987
2025-01-20,10.956588636595074,9.405310168057262,12.46917939862147,46310291987
2025-02-11,4.472157862741054,3.1665656430487457,5.662068465720705,46310334441
2025-02-12,4.5806841485110645,3.2728697232239012,5.8811644320099,46310334441
2025-02-13,4.689210434281078,3.3764350417192444,5.946398939480984,46310334441
2025-02-14,4.797736720051089,3.6019708782870774,6.1249133644202445,46310334441
2025-02-15,4.906263005821102,3.539740919756404,6.339204513136507,46310334441
2025-02-16,5.0147892915911125,3.669182144802513,6.280514247607402,46310334441
2025-02-17,5.123315577361126,3.8554126648886244,6.436220158866297,46310334441
2025-02-18,5.231841863131137,4.007326150556243,6.500672765276286,46310334441
2025-02-19,5.34036814890115,4.079134697861677,6.657500074723979,46310334441
2025-02-20,5.4488944346711605,4.208654896931384,6.750776619860799,46310334441
2025-02-21,5.557420720441174,4.289681255981401,6.844822484977929,46310334441
2025-02-22,5.665947006211185,4.434723405081714,6.962473962762476,46310334441
2025-02-23,5.774473291981197,4.442654079810064,6.997496015132608,46310334441
2025-02-24,5.8829995777512085,4.703605489923499,7.162229636538033,46310334441
2025-02-25,5.99152586352122,4.753789745736572,7.220705340422743,46310334441
2025-02-26,6.100052149291233,4.802826248744148,7.422193645969627,46310334441
2025-02-27,6.208578435061245,4.911437434930211,7.41826091341957,46310334441
2025-02-28,6.3171047208312565,5.045413834512077,7.586242178589529,46310334441
2025-03-01,6.425631006601268,5.126416109817158,7.684577624118359,46310334441
2025-03-02,6.534157292371281,5.246188952444607,7.827773382109373,46310334441
2025-03-03,6.642683578141293,5.365693562974746,7.976634163932042,46310334441
2025-03-04,6.7512098639113045,5.533053358803293,8.049078866613327,46310334441
2025-03-05,6.859736149681316,5.571856379419091,8.035187775821454,46310334441
2025-03-06,6.968262435451328,5.7663296405508255,8.30330150578205,46310334441
2025-03-07,7.076788721221341,5.726814200546289,8.395946482560799,46310334441
2025-03-08,7.1853150069913525,5.948532794750196,8.416099266558774,46310334441
2025-03-09,7.293841292761364,5.979931737143516,8.523014342174042,46310334441
2025-03-10,7.402367578531376,6.020170589359583,8.696893173901037,46310334441
2025-03-04,1.0196203986106376,-0.749613726550303,2.6692422702046477,4636511797
2025-03-05,1.1959823024630332,-0.45151165178606706,2.8912014967104662,4636511797
2025-03-06,1.3723442063154323,-0.3377982131040937,3.134333343966735,4636511797
2025-03-07,1.5487061101678279,-0.09782744659432796,3.111389253057998,4636511797
2025-03-08,1.7250680140202235,-0.012200052780195763,3.4642027537636446,4636511797
2025-03-09,1.901429917872619,0.19848947193446378,3.626775763629992,4636511797
2025-03-10,2.0777918217250164,0.4313776482455589,3.895591534592358,4636511797
2025-03-11,2.254153725577414,0.5440843202153499,3.927088088815029,4636511797
2025-03-12,2.4305156294298094,0.6470844124393627,4.030330212564828,4636511797
2025-03-13,2.6068775332822085,0.994640506964994,4.3752631918973375,4636511797
2025-03-14,2.783239437134604,1.1943026978736302,4.5613598916861875,4636511797
2025-03-15,2.9596013409869997,1.384135787231452,4.709325202016965,4636511797
2025-03-16,3.1359632448393953,1.353005514358507,4.926589166956046,4636511797
2025-03-17,3.3123251486917944,1.592022792493927,5.069990735519167,4636511797
2025-03-18,3.48868705254419,1.8586344661829637,5.238051326926068,4636511797
2025-03-19,3.6650489563965856,2.108433779247746,5.349749131879048,4636511797
2025-03-20,3.841410860248981,2.0656776016519007,5.600771833136889,4636511797
2025-03-21,4.017772764101377,2.284994253901525,5.834796499205927,4636511797
2025-03-22,4.194134667953776,2.461043743704894,5.882278634033898,4636511797
2025-03-23,4.3704965718061715,2.6352773749669685,6.062182974962587,4636511797
2025-03-24,4.546858475658567,2.742110298324336,6.311349133636555,4636511797
2025-03-25,4.723220379510963,3.106171337684352,6.443084348882836,4636511797
2025-03-26,4.899582283363362,3.288945731811127,6.505995526695022,4636511797
2025-03-27,5.075944187215761,3.3921818810457545,6.8287066148397315,4636511797
2025-03-28,5.2523060910681565,3.4116912160073274,7.061634210361622,4636511797
2025-03-29,5.428667994920552,3.650008698458103,7.036816074424329,4636511797
2025-03-30,5.605029898772948,3.9408706378611646,7.324842282812414,4636511797
2025-03-31,5.781391802625343,4.063837604490424,7.597055909184141,4636511797
2025-03-04,3.722807768805106,2.738490537303228,4.644559370309786,46365131910
2025-03-05,3.8665997687919766,3.004659579093155,4.7549512329932035,46365131910
2025-03-06,4.010391768778851,3.0718758132130235,4.945813682183397,46365131910
2025-03-07,4.154183768765723,3.22702178546188,5.120886843119266,46365131910
2025-03-08,4.297975768752595,3.405568252171035,5.239150657966079,46365131910
2025-03-09,4.441767768739467,3.5104018058653956,5.377972232789304,46365131910
2025-03-10,4.585559768726341,3.6177781449491495,5.521032588607495,46365131910
2025-03-11,4.729351768713213,3.848143192417592,5.6492357725098925,46365131910
2025-03-12,4.873143768700086,3.9607272509431843,5.761196870742976,46365131910
2025-03-13,5.016935768686958,4.074341493173923,5.850335631350832,46365131910
2025-03-14,5.160727768673832,4.210970814851134,6.141236647486972,46365131910
2025-03-15,5.304519768660704,4.391113436763472,6.265473839513013,46365131910
2025-03-16,5.448311768647576,4.461634715432585,6.401093609392038,46365131910
2025-03-17,5.592103768634448,4.702490764166345,6.490393703790263,46365131910
2025-03-18,5.735895768621319,4.844822415176913,6.743675849808003,46365131910
2025-03-19,5.8796877686081945,4.960633214965214,6.7465003738700835,46365131910
2025-03-20,6.023479768595067,5.087013894709934,6.927787027629053,46365131910
2025-03-21,6.167271768581937,5.289399635377985,7.181253846424893,46365131910
2025-03-22,6.311063768568809,5.4268931423870725,7.175785648052382,46365131910
2025-03-23,6.454855768555685,5.5904456573977965,7.414126462958287,46365131910
2025-03-24,6.5986477685425555,5.6786380531011895,7.485490937280397,46365131910
2025-03-25,6.742439768529428,5.803698603561025,7.709787443740504,46365131910
2025-03-26,6.8862317685163,5.9847777395556365,7.801967744668192,46365131910
2025-03-27,7.030023768503172,6.1176311979552125,7.988929005369487,46365131910
2025-03-28,7.173815768490046,6.304518347064217,8.095051226348176,46365131910
2025-03-29,7.317607768476918,6.404858935483296,8.281159599856807,46365131910
2025-03-30,7.4613997684637905,6.515666820522399,8.411195280095255,46365131910
2025-03-31,7.6051917684506645,6.627611332468984,8.466511108955533,46365131910
2025-02-25,1.0,0.999999998765037,1.0000000013140942,46381587960
2025-02-26,1.0,0.9999999987136129,1.0000000013592756,46381587960
2025-02-27,1.0,0.9999999986994059,1.0000000012765362,46381587960
2025-02-28,1.0,0.9999999986689541,1.0000000013029957,46381587960
2025-03-01,1.0,0.9999999987510265,1.0000000012534782,46381587960
2025-03-02,1.0,0.9999999987415796,1.0000000012656765,46381587960
2025-03-03,1.0,0.9999999987199697,1.0000000014003918,46381587960
2025-03-04,1.0,0.9999999987814241,1.0000000013426944,46381587960
2025-03-05,1.0,0.9999999986999548,1.000000001347471,46381587960
2025-03-06,1.0,0.9999999986307407,1.0000000012809098,46381587960
2025-03-07,1.0,0.9999999986850008,1.0000000011809047,46381587960
2025-03-08,1.0,0.9999999987297711,1.0000000013072734,46381587960
2025-03-09,1.0,0.9999999985460496,1.0000000013598562,46381587960
2025-03-10,1.0,0.9999999986184008,1.000000001317717,46381587960
2025-03-11,1.0,0.999999998527371,1.000000001494304,46381587960
2025-03-12,1.0,0.999999998596323,1.0000000014451176,46381587960
2025-03-13,1.0,0.9999999986311365,1.000000001486424,46381587960
2025-03-14,1.0,0.9999999985195822,1.000000001395649,46381587960
2025-03-15,1.0,0.999999998567125,1.0000000014210244,46381587960
2025-03-16,1.0,0.9999999985333733,1.0000000014435793,46381587960
2025-03-17,1.0,0.9999999985311967,1.0000000014786576,46381587960
2025-03-18,1.0,0.9999999984323098,1.0000000014147732,46381587960
2025-03-19,1.0,0.9999999983215886,1.0000000014313366,46381587960
2025-03-20,1.0,0.9999999983558462,1.000000001517272,46381587960
2025-03-21,1.0,0.9999999982673328,1.0000000015312793,46381587960
2025-03-22,1.0,0.9999999983648195,1.0000000015048096,46381587960
2025-03-23,1.0,0.9999999982163348,1.000000001680114,46381587960
2025-03-24,1.0,0.9999999982582986,1.000000001535884,46381587960
2025-02-11,1.5307594497973502,0.1760841990500166,2.856673517932961,44400044666
2025-02-12,1.5376061232807388,0.24497743365790026,2.9855401975368046,44400044666
2025-02-13,1.544452796764127,0.0026429348481258543,2.828935923319372,44400044666
2025-02-14,1.5512994702475156,0.06454045031593494,2.9229525299140873,44400044666
2025-02-15,1.558146143730904,0.10660306065771631,2.854213535807984,44400044666
2025-02-16,1.5649928172142926,0.1911192298316258,2.9480724046283444,44400044666
2025-02-17,1.571839490697681,0.19383294367646,2.9804379556819303,44400044666
2025-02-18,1.5786861641810694,0.108102403800897,2.97533349345505,44400044666
2025-02-19,1.585532837664458,0.1951870788348704,2.8736915602156072,44400044666
2025-02-20,1.5923795111478463,0.1495870036851885,2.9552446499314122,44400044666
2025-02-21,1.5992261846312346,0.17324496448061313,3.0056696136841947,44400044666
2025-02-22,1.606072858114623,0.21403594001551152,3.083511001171743,44400044666
2025-02-23,1.6129195315980118,0.29494066454941253,2.887238127974602,44400044666
2025-02-24,1.6197662050814,0.25800379134728957,2.9834083985859188,44400044666
2025-02-25,1.6266128785647886,0.25625410682779626,2.983000739720825,44400044666
2025-02-26,1.6334595520481772,0.11372019326950018,2.996427061377548,44400044666
2025-02-27,1.6403062255315655,0.25028216778333795,3.0577553018719152,44400044666
2025-02-28,1.6471528990149538,0.21637975999186887,3.019083028245739,44400044666
2025-03-01,1.6539995724983423,0.266652948493457,3.0679607553249264,44400044666
2025-03-02,1.6608462459817308,0.24138272186201856,2.9770270140700292,44400044666
2025-03-03,1.667692919465119,0.31406389663768375,3.0135929979884453,44400044666
2025-03-04,1.6745395929485078,0.22748921526227758,3.0806345916635807,44400044666
2025-03-05,1.681386266431896,0.3502409583182328,3.1005210164470354,44400044666
2025-03-06,1.6882329399152847,0.2972006086950097,3.000733636074431,44400044666
2025-03-07,1.695079613398673,0.24821991410637206,3.1531641270134148,44400044666
2025-03-08,1.7019262868820615,0.20577301209938564,3.157582609527507,44400044666
2025-03-09,1.70877296036545,0.4591987174332941,3.2388911547540764,44400044666
2025-03-10,1.7156196338488383,0.33306517692772747,3.1738290184035236,44400044666
2025-02-11,6.685842542028148,4.732421961885996,8.54668638023046,44400044979
2025-02-12,7.211804991079582,5.421685785041852,9.178671917551291,44400044979
2025-02-13,7.737767440131009,5.955834520596393,9.65861065909752,44400044979
2025-02-14,8.263729889182443,6.439620514452262,10.227133670777315,44400044979
2025-02-15,8.78969233823387,6.937694964969048,10.774947198944975,44400044979
2025-02-16,9.315654787285304,7.501114176112636,11.152033476726757,44400044979
2025-02-17,9.841617236336731,8.087578642900294,11.65700215565889,44400044979
2025-02-18,10.367579685388165,8.593124452516992,12.159535205242618,44400044979
2025-02-19,10.893542134439592,9.074335676372412,12.716144781057379,44400044979
2025-02-20,11.419504583491019,9.529180079075527,13.169780858728755,44400044979
2025-02-21,11.945467032542453,9.973659352062365,13.781228241887156,44400044979
2025-02-22,12.47142948159388,10.683805429204982,14.385575693827167,44400044979
2025-02-23,12.997391930645314,11.258581412921075,14.848258676049864,44400044979
2025-02-24,13.523354379696741,11.691058565192083,15.432293989331711,44400044979
2025-02-25,14.049316828748175,12.234952833706377,15.955175828542886,44400044979
2025-02-26,14.575279277799602,12.732039411453373,16.257613173403378,44400044979
2025-02-27,15.101241726851043,13.277031841435816,16.982467291699045,44400044979
2025-02-28,15.627204175902463,13.740928480916896,17.573110177529085,44400044979
2025-03-01,16.153166624953904,14.27990273115771,17.945768298378574,44400044979
2025-03-02,16.679129074005324,14.859586923173124,18.648020518472638,44400044979
2025-03-03,17.20509152305675,15.430444131660789,19.104876179970443,44400044979
2025-03-04,17.731053972108192,15.858881514808019,19.575712521558,44400044979
2025-03-05,18.257016421159612,16.431754906466036,20.1284675627688,44400044979
2025-03-06,18.782978870211053,16.988820777133107,20.58331090690021,44400044979
2025-03-07,19.308941319262473,17.375567408407974,21.03978031692039,44400044979
2025-03-08,19.834903768313907,17.981506382537578,21.733627706272983,44400044979
2025-03-09,20.36086621736534,18.73151605775562,22.159447200262775,44400044979
2025-03-10,20.886828666416775,19.05633637761031,22.79802605846379,44400044979
2025-02-25,8.288224134633804,8.288224133528841,8.288224135926647,44400045247
2025-02-26,8.576623847194174,8.576623846011056,8.576623848521423,44400045247
2025-02-27,8.865023559754551,8.86502355839305,8.865023561043648,44400045247
2025-02-28,9.153423272314928,9.153423271050906,9.153423273800433,44400045247
2025-03-01,9.441822984875298,9.44182298362243,9.441822986530076,44400045247
2025-03-02,9.730222697435675,9.730222695945436,9.730222699184896,44400045247
2025-03-03,10.018622409996048,10.018622408326456,10.018622412010629,44400045247
2025-03-04,10.307022122556422,10.307022120696633,10.307103415327122,44400045247
2025-03-05,10.595421835116795,10.595421833356902,10.595755185999046,44400045247
2025-03-06,10.883821547677165,10.883821545065501,10.884324841810734,44400045247
2025-03-07,11.172221260237546,11.171894623905553,11.17306299590531,44400045247
2025-03-08,11.46062097279792,11.45992396454295,11.462033100902918,44400045247
2025-03-09,11.749020685358289,11.747788859718401,11.750789817640365,44400045247
2025-03-10,12.03742039791867,12.035922361467712,12.039799529278241,44400045247
2025-03-11,12.32582011047904,12.32384223396865,12.32855684170067,44400045247
2025-03-12,12.61421982303941,12.611535883561071,12.617645249999896,44400045247
2025-03-13,12.90261953559978,12.899382130095534,12.906557806882665,44400045247
2025-03-14,13.19101924816016,13.187097073711781,13.195794377872126,44400045247
2025-03-15,13.47941896072054,13.475191898298915,13.48485792698083,44400045247
2025-03-16,13.76781867328091,13.762728489460669,13.773536232400193,44400045247
2025-03-17,14.05621838584128,14.050549217047555,14.062493046103848,44400045247
2025-03-18,14.344618098401657,14.338227851690007,14.35130100689802,44400045247
2025-03-19,14.63301781096203,14.626048925097379,14.639947179118826,44400045247
2025-03-20,14.9214175235224,14.913394298078419,14.928964828250024,44400045247
2025-03-21,15.209817236082781,15.200809750388501,15.218236958562969,44400045247
2025-03-22,15.498216948643151,15.487860500945802,15.507552279654156,44400045247
2025-03-23,15.786616661203528,15.775474357416742,15.796817766910582,44400045247
2025-03-24,16.075016373763898,16.063117219692213,16.086385871111755,44400045247
2025-01-14,1.0,0.9999999987693621,1.0000000013073964,44400045545
2025-01-15,1.0,0.9999999986668566,1.0000000013102375,44400045545
2025-01-16,1.0,0.9999999987468478,1.0000000013193187,44400045545
2025-01-17,1.0,0.9999999986887832,1.0000000012826542,44400045545
2025-01-18,1.0,0.9999999987700168,1.000000001256521,44400045545
2025-01-19,1.0,0.9999999987162816,1.000000001305972,44400045545
2025-01-20,1.0,0.9999999987603286,1.0000000012925767,44400045545
2025-01-21,1.0,0.9999999986692049,1.0000000013273957,44400045545
2025-01-22,1.0,0.9999999986670347,1.000000001341893,44400045545
2025-01-23,1.0,0.9999999986867129,1.0000000013564374,44400045545
2025-01-24,1.0,0.9999999986062849,1.0000000014629986,44400045545
2025-01-25,1.0,0.9999999986800929,1.000000001305717,44400045545
2025-01-26,1.0,0.9999999987504483,1.0000000015007031,44400045545
2025-01-27,1.0,0.9999999985957347,1.0000000015031763,44400045545
2025-01-28,1.0,0.9999999985762728,1.0000000015634434,44400045545
2025-01-29,1.0,0.999999998569745,1.0000000015277208,44400045545
2025-01-30,1.0,0.9999999986038741,1.000000001413454,44400045545
2025-01-31,1.0,0.9999999986166282,1.0000000015239447,44400045545
2025-02-01,1.0,0.9999999985907251,1.0000000015737045,44400045545
2025-02-02,1.0,0.9999999983862433,1.0000000016112598,44400045545
2025-02-03,1.0,0.9999999984701698,1.000000001549556,44400045545
2025-02-04,1.0,0.9999999984413489,1.0000000017240673,44400045545
2025-02-05,1.0,0.9999999984078588,1.000000001608635,44400045545
2025-02-06,1.0,0.9999999982109385,1.0000000016745936,44400045545
2025-02-07,1.0,0.9999999982511689,1.0000000018641375,44400045545
2025-02-08,1.0,0.9999999984057427,1.0000000017703863,44400045545
2025-02-09,1.0,0.9999999982070931,1.0000000019325759,44400045545
2025-02-10,1.0,0.999999998159771,1.000000002010704,44400045545
2025-02-11,2.0,1.9999999973778582,2.000000002761046,46694935963
2025-02-12,2.0,1.9999999972181255,2.0000000026006903,46694935963
2025-02-13,2.0,1.999999997240773,2.0000000029766016,46694935963
2025-02-14,2.0,1.9999999970925018,2.000000002945343,46694935963
2025-02-15,2.0,1.9999999966480408,2.0000000030177185,46694935963
2025-02-16,2.0,1.9999999962731358,2.00000000341099,46694935963
2025-02-17,2.0,1.9999999957653507,2.000000003659882,46694935963
2025-02-18,2.0,1.9999999957211874,2.0000000045038675,46694935963
2025-02-19,2.0,1.9999999940407847,2.000000005899601,46694935963
2025-02-20,2.0,1.999999993274615,2.0000000073433313,46694935963
2025-02-21,2.0,1.9999999918326317,2.0000000085791805,46694935963
2025-02-22,2.0,1.9999999890553928,2.0000000103594138,46694935963
2025-02-23,2.0,1.9999999874372847,2.0000000123870354,46694935963
2025-02-24,2.0,1.9999999867760785,2.000000014047832,46694935963
2025-02-25,2.0,1.9999999840978664,2.0000000157604765,46694935963
2025-02-26,2.0,1.9999999822808725,2.000000018251743,46694935963
2025-02-27,2.0,1.9999999802008557,2.000000020140495,46694935963
2025-02-28,2.0,1.999999977281594,2.000000020619596,46694935963
2025-03-01,2.0,1.9999999751455677,2.0000000233520168,46694935963
2025-03-02,2.0,1.999999972767289,2.000000026890884,46694935963
2025-03-03,2.0,1.9999999704429294,2.0000000279454273,46694935963
2025-03-04,2.0,1.9999999677524687,2.0000000307757357,46694935963
2025-03-05,2.0,1.999999964674446,2.0000000338657022,46694935963
2025-03-06,2.0,1.9999999626803104,2.000000036117813,46694935963
2025-03-07,2.0,1.9999999580878538,2.000000038689933,46694935963
2025-03-08,2.0,1.9999999557460297,2.0000000411873735,46694935963
2025-03-09,2.0,1.999999952272954,2.0000000438876677,46694935963
2025-03-10,2.0,1.9999999485174829,2.000000047313859,46694935963
2025-03-04,1.9191665110996246,1.4020349985266138,2.4125360543375804,44754799164
2025-03-05,1.8730512049864751,1.321767609549693,2.352594699274113,44754799164
2025-03-06,1.8269358988733257,1.3021847308553094,2.3662173054251197,44754799164
2025-03-07,1.7808205927601746,1.2803593690317758,2.3096270970617523,44754799164
2025-03-08,1.7347052866470243,1.203663867875486,2.228985764837559,44754799164
2025-03-09,1.688589980533874,1.1754968566929929,2.196296783758496,44754799164
2025-03-10,1.6424746744207246,1.108969110639431,2.1326495507438334,44754799164
2025-03-11,1.5963593683075752,1.0821146427656287,2.1137532051882526,44754799164
2025-03-12,1.550244062194425,1.0690196589653005,2.0652194027427666,44754799164
2025-03-13,1.5041287560812746,0.9884750136443179,1.9961175667433262,44754799164
2025-03-14,1.4580134499681234,0.9771410495823447,1.9583313572881487,44754799164
2025-03-15,1.411898143854974,0.9187500305326521,1.8862825603392548,44754799164
2025-03-16,1.3657828377418246,0.838582049874303,1.8728633186717434,44754799164
2025-03-17,1.3196675316286743,0.8131054134331126,1.848754910130045,44754799164
2025-03-18,1.2735522255155258,0.7102904567259297,1.738118270617557,44754799164
2025-03-19,1.2274369194023764,0.6908875284259247,1.7346196773824645,44754799164
2025-03-20,1.1813216132892261,0.677916000220368,1.6941064314931509,44754799164
2025-03-21,1.135206307176075,0.620998497611385,1.6555828409871423,44754799164
2025-03-22,1.0890910010629247,0.5723757554794768,1.6353326648089355,44754799164
2025-03-23,1.0429756949497753,0.5058944523787007,1.5495408951647074,44754799164
2025-03-24,0.9968603888366259,0.5023399757951161,1.5519128239663906,44754799164
2025-03-25,0.9507450827234756,0.4592246446489141,1.4661979049733735,44754799164
2025-03-26,0.9046297766103253,0.3953146087181256,1.4234501784560987,44754799164
2025-03-27,0.8585144704971759,0.3799680610799776,1.3725296714112585,44754799164
2025-03-28,0.8123991643840247,0.30142084286002246,1.3235817098805913,44754799164
2025-03-29,0.7662838582708753,0.25547195180071175,1.2740136945072316,44754799164
2025-03-30,0.720168552157725,0.22523414888022905,1.2288209691229706,44754799164
2025-03-31,0.6740532460445747,0.1734133772902966,1.1911499138506756,44754799164
2025-02-25,2.044669068279494,1.7913722987038851,2.3027148561861797,44754802163
2025-02-26,2.081251173548261,1.8071130942221452,2.3590977761995857,44754802163
2025-02-27,2.117833278817028,1.8635579252685233,2.3984284048930893,44754802163
2025-02-28,2.1544153840857954,1.8896331235209018,2.43807321443158,44754802163
2025-03-01,2.1909974893545634,1.9196695601992113,2.44866895572784,44754802163
2025-03-02,2.2275795946233306,1.9812026490051622,2.519510428735848,44754802163
2025-03-03,2.2641616998920977,2.012855472269782,2.5462732193393753,44754802163
2025-03-04,2.300743805160865,2.035588481515742,2.568754649472061,44754802163
2025-03-05,2.337325910429633,2.0702664947872464,2.5953143142395376,44754802163
2025-03-06,2.3739080156984,2.0982649297558846,2.6429252898313185,44754802163
2025-03-07,2.410490120967167,2.134995145114996,2.6887269335799076,44754802163
2025-03-08,2.4470722262359343,2.1944661043458233,2.712209507399378,44754802163
2025-03-09,2.4836543315047024,2.2246846528350694,2.7588650743334453,44754802163
2025-03-10,2.5202364367734695,2.263122838699041,2.7937389406101576,44754802163
2025-03-11,2.5568185420422367,2.279976287184083,2.835726099514696,44754802163
2025-03-12,2.593400647311004,2.322772033502255,2.8655752708466236,44754802163
2025-03-13,2.629982752579772,2.359600544514961,2.8969275425638377,44754802163
2025-03-14,2.66656485784854,2.386314528301699,2.9326379679705346,44754802163
2025-03-15,2.703146963117306,2.4364737011815456,2.956622114746464,44754802163
2025-03-16,2.739729068386074,2.4675230754272044,3.022332939401975,44754802163
2025-03-17,2.7763111736548414,2.5232196163641674,3.0355539693487685,44754802163
2025-03-18,2.8128932789236094,2.5381653941898743,3.065311217444572,44754802163
2025-03-19,2.8494753841923757,2.5668569655542006,3.1228416632226472,44754802163
2025-03-20,2.8860574894611437,2.643231318290347,3.1740490397554098,44754802163
2025-03-21,2.922639594729911,2.6590603215828033,3.218494798148315,44754802163
2025-03-22,2.959221699998679,2.6948655816864875,3.2285605568882554,44754802163
2025-03-23,2.995803805267445,2.7164192041657693,3.2581160982272617,44754802163
2025-03-24,3.032385910536213,2.7770096265968305,3.2760775858236166,44754802163
2025-03-04,2.8428242656517053,1.5999111919656774,4.1149388096881765,44754809351
2025-03-05,2.8259328071074377,1.6323993370906043,4.128541684013149,44754809351
2025-03-06,2.809041348563171,1.5793817775586454,4.040059600568922,44754809351
2025-03-07,2.7921498900189032,1.5160196604220006,4.1256239342568115,44754809351
2025-03-08,2.7752584314746356,1.5384710365676224,3.9713741424205815,44754809351
2025-03-09,2.7583669729303684,1.6213004126155106,4.03400518501378,44754809351
2025-03-10,2.741475514386101,1.5810904208448178,3.953154447840814,44754809351
2025-03-11,2.7245840558418335,1.491854870517269,3.9390530876204686,44754809351
2025-03-12,2.707692597297566,1.4516306418274743,3.884557562484141,44754809351
2025-03-13,2.6908011387532986,1.4875711388496768,3.9558228482337636,44754809351
2025-03-14,2.6739096802090314,1.4795113254908547,3.912898049018731,44754809351
2025-03-15,2.6570182216647638,1.4398735185381168,3.9808492322299545,44754809351
2025-03-16,2.640126763120496,1.369112699807018,3.9315918762739868,44754809351
2025-03-17,2.623235304576229,1.3948886347161857,3.823671592577075,44754809351
2025-03-18,2.6063438460319617,1.359785375531159,3.9178380745800596,44754809351
2025-03-19,2.589452387487694,1.3578996124603582,3.855237405517161,44754809351
2025-03-20,2.572560928943427,1.3869829012107437,3.8950019574121306,44754809351
2025-03-21,2.555669470399159,1.346273261492859,3.7703167825867876,44754809351
2025-03-22,2.538778011854892,1.275271133755979,3.6997732125736387,44754809351
2025-03-23,2.5218865533106243,1.2402841698660474,3.7936691009455443,44754809351
2025-03-24,2.504995094766357,1.288714466398082,3.7462613008006875,44754809351
2025-03-25,2.4881036362220894,1.2404998546964288,3.7418907192152746,44754809351
2025-03-26,2.471212177677822,1.2304468133310844,3.695555709441062,44754809351
2025-03-27,2.454320719133555,1.2278862627245275,3.6286081683220512,44754809351
2025-03-28,2.4374292605892873,1.2354000149284114,3.7386630121768376,44754809351
2025-03-29,2.4205378020450197,1.2019430251517182,3.635244444489088,44754809351
2025-03-30,2.4036463435007525,1.1024096986548513,3.623812218044765,44754809351
2025-03-31,2.3867548849564852,1.1329586573137547,3.6449524963134063,44754809351
2025-03-04,3.231073399996066,1.5373615952408455,4.910168479472886,44754812989
2025-03-05,3.2015329999975792,1.6369454295349994,4.823777013288125,44754812989
2025-03-06,3.171992599999091,1.5324062220769683,4.792862262334609,44754812989
2025-03-07,3.1424522000006028,1.506785396285638,4.743007366721563,44754812989
2025-03-08,3.112911800002116,1.516613508324079,4.807750184844154,44754812989
2025-03-09,3.0833714000036276,1.4668546767811124,4.75831132559124,44754812989
2025-03-10,3.0538310000051396,1.3132878848780023,4.646515790503341,44754812989
2025-03-11,3.024290600006651,1.3621952250148608,4.604306886938662,44754812989
2025-03-12,2.9947502000081645,1.3286022135072402,4.648750353766606,44754812989
2025-03-13,2.9652098000096765,1.292232031467013,4.6319468455864525,44754812989
2025-03-14,2.935669400011188,1.3095767470510853,4.6483550365315445,44754812989
2025-03-15,2.9061290000127014,1.2085246421858926,4.503913383726667,44754812989
2025-03-16,2.8765886000142133,1.397222574159369,4.62755170632135,44754812989
2025-03-17,2.847048200015725,1.3345925973771304,4.499469179315749,44754812989
2025-03-18,2.817507800017238,1.2050510048845169,4.396762352706125,44754812989
2025-03-19,2.78796740001875,1.2166363106738196,4.299283870025172,44754812989
2025-03-20,2.7584270000202618,1.1899746190889613,4.382024563366078,44754812989
2025-03-21,2.728886600021775,1.1880656755326742,4.308441473799356,44754812989
2025-03-22,2.699346200023287,1.0643500922755789,4.393496765388116,44754812989
2025-03-23,2.6698058000247986,1.1319877881469933,4.360186322292353,44754812989
2025-03-24,2.6402654000263106,1.0457808532986757,4.401649843249111,44754812989
2025-03-25,2.610725000027824,0.9664732568992184,4.357322505657568,44754812989
2025-03-26,2.5811846000293355,0.9269554551957964,4.268830164061757,44754812989
2025-03-27,2.5516442000308475,0.961189537217429,4.0808569901766125,44754812989
2025-03-28,2.522103800032361,0.8526860031892431,4.248437777329899,44754812989
2025-03-29,2.4925634000338723,0.8680244552860364,4.083881731393795,44754812989
2025-03-30,2.4630230000353843,0.7676306402958427,4.055655633632908,44754812989
2025-03-31,2.4334826000368976,0.7754626382928724,4.000426075261361,44754812989
2025-03-04,2.5739142004419513,1.271406891253175,3.9333559916835616,4475481627
2025-03-05,2.6339853044378874,1.2800938073220374,3.9833256519312736,4475481627
2025-03-06,2.6940564084338234,1.300325070740867,4.00040951464095,4475481627
2025-03-07,2.7541275124297613,1.3936757833565556,4.139878389724624,4475481627
2025-03-08,2.8141986164256974,1.5068569992741803,4.150164327065732,4475481627
2025-03-09,2.8742697204216316,1.5136239528087645,4.1226789560411445,4475481627
2025-03-10,2.9343408244175695,1.5335197155896976,4.207843550765571,4475481627
2025-03-11,2.9944119284135073,1.5877381295036246,4.344783324354852,4475481627
2025-03-12,3.0544830324094434,1.690898007418854,4.440061741298369,4475481627
2025-03-13,3.1145541364053777,1.7813012061262392,4.3874793628303355,4475481627
2025-03-14,3.1746252404013156,1.822692639541189,4.627019896647046,4475481627
2025-03-15,3.2346963443972534,1.8647283195195261,4.545632039274316,4475481627
2025-03-16,3.2947674483931877,1.9401130260510642,4.610536243953782,4475481627
2025-03-17,3.3548385523891238,2.038760531140213,4.749448002821025,4475481627
2025-03-18,3.4149096563850616,2.0480097012921967,4.70815080947317,4475481627
2025-03-19,3.4749807603809977,2.187491363944183,4.823547735368022,4475481627
2025-03-20,3.5350518643769355,2.2335580031455846,4.887433723947291,4475481627
2025-03-21,3.595122968372868,2.2194960585851917,4.980364191509346,4475481627
2025-03-22,3.655194072368806,2.2647003169534488,4.916370546648414,4475481627
2025-03-23,3.7152651763647437,2.3195792911259643,4.953392718026059,4475481627
2025-03-24,3.77533628036068,2.5079085640686563,5.143599510695009,4475481627
2025-03-25,3.835407384356616,2.415328673734618,5.1022227310183075,4475481627
2025-03-26,3.895478488352552,2.572685352582767,5.280497481961921,4475481627
2025-03-27,3.95554959234849,2.675883171523937,5.229439047035504,4475481627
2025-03-28,4.015620696344428,2.661017939990404,5.360814590397975,4475481627
2025-03-29,4.075691800340362,2.656167204163743,5.3327833486290945,4475481627
2025-03-30,4.1357629043363,2.7131880062895015,5.504724071968969,4475481627
2025-03-31,4.195834008332234,2.847587902125841,5.549842709807117,4475481627
2024-12-03,0.8314887420377118,0.8314887413338143,0.8314887427136081,44754818694
2024-12-04,0.8238291231183951,0.8238291224414858,0.8238291237642923,44754818694
2024-12-05,0.8161695041990784,0.8161695035227364,0.8161695049165083,44754818694
2024-12-06,0.8085098852797618,0.8085098845845012,0.808509885989164,44754818694
2024-12-07,0.8008502663604451,0.800850265682141,0.8008502670614536,44754818694
2024-12-08,0.7931906474411284,0.7931906467510623,0.7931906482114699,44754818694
2024-12-09,0.7855310285218118,0.7855310278061606,0.7855310292601474,44754818694
2024-12-10,0.7778714096024951,0.7778714088135997,0.7778714104196004,44754818694
2024-12-11,0.7702117906831785,0.7702117899326314,0.7702117914501766,44754818694
2024-12-12,0.7625521717638617,0.7625521710002557,0.7625521726410599,44754818694
2024-12-13,0.7548925528445452,0.7548925520681876,0.7548925537077676,44754818694
2024-12-14,0.7472329339252285,0.7472329330820244,0.7472329348500004,44754818694
2024-12-15,0.7395733150059118,0.7395733140271038,0.739573315887477,44754818694
2024-12-16,0.7319136960865951,0.7319136951888761,0.7319136970352599,44754818694
2024-12-17,0.7242540771672784,0.7242540761011458,0.7242540781517526,44754818694
2024-12-18,0.7165944582479618,0.716594457308477,0.7165944592762561,44754818694
2024-12-19,0.7089348393286452,0.7089348382956746,0.7089348404289827,44754818694
2024-12-20,0.7012752204093284,0.7012752192940186,0.7012752215742554,44754818694
2024-12-21,0.6936156014900118,0.6936156004200091,0.6936156027589426,44754818694
2024-12-22,0.6859559825706951,0.6859559814294167,0.6859559838628119,44754818694
2024-12-23,0.6782963636513785,0.6782963622408666,0.6782963651441803,44754818694
2024-12-24,0.6706367447320618,0.6706367433154319,0.6706367466360481,44754818694
2024-12-25,0.6629771258127451,0.6629771241848958,0.6629771279179788,44754818694
2024-12-26,0.6553175068934285,0.6553175048828225,0.6553175092839949,44754818694
2024-12-27,0.6476578879741118,0.6476578857377685,0.647657891222015,44754818694
2024-12-28,0.6399982690547951,0.639998266346597,0.6399982727730308,44754818694
2024-12-29,0.6323386501354784,0.6323386471097358,0.6323386541848122,44754818694
2024-12-30,0.6246790312161619,0.6246790279161,0.6246790358391563,44754818694
2025-02-25,1.0,0.9999999986175078,1.000000001196728,4475482043
2025-02-26,1.0,0.9999999987314315,1.000000001301275,4475482043
2025-02-27,1.0,0.9999999987536747,1.0000000013265185,4475482043
2025-02-28,1.0,0.9999999987958094,1.0000000013365251,4475482043
2025-03-01,1.0,0.9999999986836197,1.0000000013840857,4475482043
2025-03-02,1.0,0.999999998648331,1.0000000013209336,4475482043
2025-03-03,1.0,0.9999999986828294,1.0000000013575254,4475482043
2025-03-04,1.0,0.9999999985831982,1.0000000013085266,4475482043
2025-03-05,1.0,0.9999999986876436,1.0000000013933947,4475482043
2025-03-06,1.0,0.9999999987038665,1.0000000013000476,4475482043
2025-03-07,1.0,0.9999999986184749,1.0000000013227175,4475482043
2025-03-08,1.0,0.999999998579594,1.0000000014916122,4475482043
2025-03-09,1.0,0.999999998565678,1.0000000013534573,4475482043
2025-03-10,1.0,0.9999999985898613,1.0000000014391621,4475482043
2025-03-11,1.0,0.9999999985835792,1.000000001424363,4475482043
2025-03-12,1.0,0.9999999985263036,1.0000000014000614,4475482043
2025-03-13,1.0,0.9999999984564227,1.000000001447761,4475482043
2025-03-14,1.0,0.9999999983693716,1.0000000013823263,4475482043
2025-03-15,1.0,0.9999999984366039,1.0000000015962003,4475482043
2025-03-16,1.0,0.9999999984805163,1.0000000015661157,4475482043
2025-03-17,1.0,0.9999999983682439,1.0000000016479094,4475482043
2025-03-18,1.0,0.9999999982578582,1.0000000016943633,4475482043
2025-03-19,1.0,0.9999999981062114,1.000000001659452,4475482043
2025-03-20,1.0,0.9999999980399203,1.0000000018788733,4475482043
2025-03-21,1.0,0.9999999980621816,1.0000000018945587,4475482043
2025-03-22,1.0,0.9999999980561796,1.0000000017990296,4475482043
2025-03-23,1.0,0.9999999980138187,1.0000000018186126,4475482043
2025-03-24,1.0,0.9999999979881614,1.0000000021025037,4475482043
2024-12-31,7.982648171876175,6.949804136617715,9.057766129350775,44860382637
2025-01-01,8.091566029001177,7.065298517486122,9.116728634183092,44860382637
2025-01-02,8.200483886126175,7.195868046909691,9.238790888863146,44860382637
2025-01-03,8.309401743251176,7.3078354840387165,9.382702291247904,44860382637
2025-01-04,8.418319600376174,7.439219327102747,9.468130403520913,44860382637
2025-01-05,8.527237457501174,7.510029883923942,9.508854898668305,44860382637
2025-01-06,8.636155314626173,7.605433350085232,9.650263268719197,44860382637
2025-01-07,8.745073171751173,7.719347985038612,9.80370397772043,44860382637
2025-01-08,8.853991028876173,7.813993233446535,9.947747663498703,44860382637
2025-01-09,8.962908886001173,7.866888237438696,9.961087414513898,44860382637
2025-01-10,9.071826743126172,7.936200897302191,10.0384374674258,44860382637
2025-01-11,9.180744600251172,8.06512521384963,10.234301331088906,44860382637
2025-01-12,9.28966245737617,8.194724267412232,10.348048447869154,44860382637
2025-01-13,9.39858031450117,8.377422346143161,10.440841521803783,44860382637
2025-01-14,9.50749817162617,8.496821594714,10.576764262467847,44860382637
2025-01-15,9.616416028751171,8.592007804276781,10.643143247630993,44860382637
2025-01-16,9.725333885876172,8.688370023354185,10.771026865414733,44860382637
2025-01-17,9.83425174300117,8.748272439317873,10.81691619791899,44860382637
2025-01-18,9.94316960012617,8.897808893843356,11.007681911048266,44860382637
2025-01-19,10.052087457251169,8.972310565880207,11.11782492214653,44860382637
2025-01-20,10.161005314376169,9.076173520662879,11.207723398873473,44860382637
2025-01-21,10.269923171501167,9.262328780633286,11.27751577949442,44860382637
2025-01-22,10.37884102862617,9.324924252530773,11.366385700313417,44860382637
2025-01-23,10.48775888575117,9.460679391914637,11.539654845119019,44860382637
2025-01-24,10.596676742876168,9.618724125807033,11.606704099068391,44860382637
2025-01-25,10.705594600001165,9.58538317576754,11.73445895451206,44860382637
2025-01-26,10.814512457126167,9.75286031768698,11.951033568591697,44860382637
2025-01-27,10.923430314251167,9.88618503079059,11.921997120003205,44860382637
2025-02-04,1.0,0.9999999987018309,1.0000000012090025,4486038328
2025-02-05,1.0,0.9999999987033588,1.0000000013633954,4486038328
2025-02-06,1.0,0.9999999986303092,1.000000001407555,4486038328
2025-02-07,1.0,0.9999999986416852,1.0000000013241137,4486038328
2025-02-08,1.0,0.9999999985240441,1.0000000015031012,4486038328
2025-02-09,1.0,0.9999999984061669,1.0000000016415915,4486038328
2025-02-10,1.0,0.9999999984277201,1.0000000017940724,4486038328
2025-02-11,1.0,0.9999999983502392,1.000000001955247,4486038328
2025-02-12,1.0,0.9999999982047428,1.0000000020927158,4486038328
2025-02-13,1.0,0.999999998145519,1.000000002384381,4486038328
2025-02-14,1.0,0.9999999977801727,1.000000002565943,4486038328
2025-02-15,1.0,0.9999999976605087,1.0000000029919491,4486038328
2025-02-16,1.0,0.9999999974247734,1.0000000037300314,4486038328
2025-02-17,1.0,0.9999999967740469,1.0000000042131767,4486038328
2025-02-18,1.0,0.9999999963092299,1.0000000046513828,4486038328
2025-02-19,1.0,0.9999999959430146,1.0000000053485139,4486038328
2025-02-20,1.0,0.9999999954679336,1.0000000060557257,4486038328
2025-02-21,1.0,0.9999999947840905,1.0000000065129604,4486038328
2025-02-22,1.0,0.9999999942610823,1.000000006997628,4486038328
2025-02-23,1.0,0.9999999936898116,1.0000000079757236,4486038328
2025-02-24,1.0,0.9999999932767427,1.0000000085383027,4486038328
2025-02-25,1.0,0.9999999923232988,1.0000000091838124,4486038328
2025-02-26,1.0,0.9999999924445228,1.0000000097576796,4486038328
2025-02-27,1.0,0.9999999912183165,1.000000010483427,4486038328
2025-02-28,1.0,0.9999999911171,1.000000011064385,4486038328
2025-03-01,1.0,0.9999999899405578,1.0000000114223604,4486038328
2025-03-02,1.0,0.999999989453965,1.0000000121269323,4486038328
2025-03-03,1.0,0.9999999891005182,1.0000000128876096,4486038328
2025-02-18,7.856836928064212,7.856836921831217,7.8568369344019615,44860384494
2025-02-19,8.713978104563495,8.713978098410236,8.713978110966536,44860384494
2025-02-20,9.57111928106275,9.571119274421234,9.571119287225343,44860384494
2025-02-21,10.428260457562033,10.428260451441698,10.428260463711583,44860384494
2025-02-22,11.285401634061316,11.285401627716146,11.285401640620384,44860384494
2025-02-23,12.142542810560599,12.142542804113406,12.142542816784955,44860384494
2025-02-24,12.999683987059882,12.999683980763677,12.99968399339165,44860384494
2025-02-25,13.856825163559137,13.856825157299031,13.856825169698439,44860384494
2025-02-26,14.713966340058391,14.71396633380898,14.713966346625108,44860384494
2025-02-27,15.571107516557674,15.571107509634762,15.571107523241427,44860384494
2025-02-28,16.428248693056958,16.42824868655299,16.428248698829833,44860384494
2025-03-01,17.28538986955627,17.28538986316704,17.28538987610061,44860384494
2025-03-02,18.142531046055524,18.142531039516825,18.142531052585138,44860384494
2025-03-03,18.999672222554807,18.999672216227072,18.999672229046457,44860384494
2025-03-04,19.85681339905406,19.8568133923714,19.85681340537071,44860384494
2025-03-05,20.713954575553316,20.713954569168447,20.713954581849844,44860384494
2025-03-06,21.571095752052628,21.571095745308465,21.571095758337904,44860384494
2025-03-07,22.428236928551883,22.42823692216481,22.42823693549887,44860384494
2025-03-08,23.285378105051166,23.28537809859459,23.285378111885194,44860384494
2025-03-09,24.14251928155045,24.14251927489089,24.14251928830856,44860384494
2025-03-10,24.999660458049703,24.99966045153452,24.999660464777747,44860384494
2025-03-11,25.856801634549015,25.856801628567318,25.856801641601397,44860384494
2025-03-12,26.71394281104827,26.713942804774643,26.713942818527745,44860384494
2025-03-13,27.571083987547524,27.57108398098593,27.57108399483786,44860384494
2025-03-14,28.428225164046808,28.428225157197396,28.42822517132324,44860384494
2025-03-15,29.285366340546062,29.285366333565854,29.285366348129774,44860384494
2025-03-16,30.142507517045374,30.142507510149574,30.142507524508254,44860384494
2025-03-17,30.999648693544657,30.999648686549342,30.99964870110959,44860384494
2024-12-31,2.8490225981926955,2.8490225981658495,2.8490225982195443,44860384733
2025-01-01,2.955150312664823,2.955150311822999,2.9551503133736747,44860384733
2025-01-02,3.06127802713695,3.061278024733363,3.0612780292229886,44860384733
2025-01-03,3.1674057416090777,3.167405737108358,3.167405745721639,44860384733
2025-01-04,3.2735334560812053,3.273533448517323,3.2735334632195072,44860384733
2025-01-05,3.379661170553333,3.379661159802481,3.379661180552059,44860384733
2025-01-06,3.4857888850254604,3.4857888710259815,3.485788899836124,44860384733
2025-01-07,3.5919165994975875,3.5919165825347936,3.591916618061369,44860384733
2025-01-08,3.698044313969715,3.698044293285049,3.698044337215254,44860384733
2025-01-09,3.804172028441842,3.8041720033350925,3.80417205637034,44860384733
2025-01-10,3.91029974291397,3.9102997128658528,3.9102997762901253,44860384733
2025-01-11,4.016427457386097,4.0164274217486255,4.0164274967622315,44860384733
2025-01-12,4.122555171858225,4.1225551319256075,4.122555216734753,44860384733
2025-01-13,4.228682886330352,4.228682839379705,4.228682936324435,44860384733
2025-01-14,4.334810600802479,4.334810548298796,4.334810657266958,44860384733
2025-01-15,4.440938315274607,4.440938257469737,4.440938375772914,44860384733
2025-01-16,4.547066029746734,4.547065965657338,4.547066096966705,44860384733
2025-01-17,4.6531937442188624,4.653193673736765,4.653193819604012,44860384733
2025-01-18,4.759321458690989,4.759321382870396,4.759321543818244,44860384733
2025-01-19,4.865449173163117,4.865449089282318,4.865449264223468,44860384733
2025-01-20,4.971576887635244,4.9715767972039675,4.971576985772721,44860384733
2025-01-21,5.077704602107372,5.077704506253844,5.077704706686103,44860384733
2025-01-22,5.183832316579499,5.183832213708874,5.1838324304524726,44860384733
2025-01-23,5.289960031051627,5.289959921770358,5.289960152613674,44860384733
2025-01-24,5.3960877455237535,5.3960876298655975,5.396087874792946,44860384733
2025-01-25,5.502215459995882,5.502215334281411,5.50221559898474,44860384733
2025-01-26,5.608343174468009,5.6083430406697525,5.608343321572433,44860384733
2025-01-27,5.714470888940136,5.7144707481795685,5.7144710442908435,44860384733
2025-02-18,1.0,0.9999999987447971,1.0000000012648376,44860385094
2025-02-19,1.0,0.999999998583797,1.0000000013511972,44860385094
2025-02-20,1.0,0.9999999985928659,1.0000000014064623,44860385094
2025-02-21,1.0,0.9999999984775497,1.0000000015359933,44860385094
2025-02-22,1.0,0.9999999982877764,1.0000000015794477,44860385094
2025-02-23,1.0,0.9999999982845948,1.0000000017208528,44860385094
2025-02-24,1.0,0.9999999979336298,1.0000000019588104,44860385094
2025-02-25,1.0,0.9999999973414023,1.0000000023042368,44860385094
2025-02-26,1.0,0.9999999968458958,1.0000000027702738,44860385094
2025-02-27,1.0,0.9999999959809629,1.0000000034349124,44860385094
2025-02-28,1.0,0.9999999951878943,1.000000003930175,44860385094
2025-03-01,1.0,0.9999999939707493,1.0000000049292739,44860385094
2025-03-02,1.0,0.9999999935940872,1.0000000052988571,44860385094
2025-03-03,1.0,0.9999999929545298,1.0000000062132162,44860385094
2025-03-04,1.0,0.9999999917936887,1.000000007153045,44860385094
2025-03-05,1.0,0.9999999904552119,1.0000000080509635,44860385094
2025-03-06,1.0,0.9999999898854309,1.0000000089186771,44860385094
2025-03-07,1.0,0.9999999884222728,1.0000000097162223,44860385094
2025-03-08,1.0,0.9999999871148577,1.0000000111073684,44860385094
2025-03-09,1.0,0.99999998634311,1.0000000118661758,44860385094
2025-03-10,1.0,0.9999999853441817,1.0000000125664064,44860385094
2025-03-11,1.0,0.9999999839285538,1.0000000142907455,44860385094
2025-03-12,1.0,0.9999999827936215,1.0000000153243065,44860385094
2025-03-13,1.0,0.9999999815174362,1.0000000164857616,44860385094
2025-03-14,1.0,0.9999999805446887,1.0000000181848228,44860385094
2025-03-15,1.0,0.9999999790599383,1.0000000190524692,44860385094
2025-03-16,1.0,0.9999999776512426,1.0000000203063666,44860385094
2025-03-17,1.0,0.9999999764218771,1.000000021933316,44860385094
2025-03-04,0.48000950652828855,-0.5864318998295802,1.4812749960725267,7405700714
2025-03-05,0.47851513042337096,-0.5364842719511411,1.4533153649884527,7405700714
2025-03-06,0.47702075431845314,-0.5142930627799224,1.4783131623658434,7405700714
2025-03-07,0.47552637821353555,-0.5011923210698565,1.4316249931384004,7405700714
2025-03-08,0.47403200210861784,-0.47517097621782173,1.4889687407445231,7405700714
2025-03-09,0.4725376260037003,-0.5254959553538529,1.455841955923238,7405700714
2025-03-10,0.47104324989878243,-0.449586611410388,1.4711591950106664,7405700714
2025-03-11,0.4695488737938649,-0.5739619037605247,1.5100402048881747,7405700714
2025-03-12,0.46805449768894714,-0.47035491285380854,1.421395810667962,7405700714
2025-03-13,0.4665601215840296,-0.5473316781886686,1.3907144910271703,7405700714
2025-03-14,0.4650657454791117,-0.48243513460213283,1.53677434990464,7405700714
2025-03-15,0.4635713693741942,-0.5144553507075372,1.4195060007201956,7405700714
2025-03-16,0.4620769932692765,-0.5221685851944905,1.4276819694437293,7405700714
2025-03-17,0.4605826171643589,-0.49237338621086735,1.41292860773901,7405700714
2025-03-18,0.45908824105944107,-0.381677049014145,1.4411750809645163,7405700714
2025-03-19,0.4575938649545235,-0.5692746471510108,1.4847557144595243,7405700714
2025-03-20,0.4560994888496058,-0.5082822057751147,1.4308680439710735,7405700714
2025-03-21,0.45460511274468823,-0.5510852914274316,1.411816063549888,7405700714
2025-03-22,0.4531107366397704,-0.5705087775172967,1.3896445236195234,7405700714
2025-03-23,0.4516163605348528,-0.564084801461796,1.3724480859444483,7405700714
2025-03-24,0.4501219844299351,-0.5704325972773963,1.3468011665750184,7405700714
2025-03-25,0.4486276083250176,-0.524468401846982,1.414633118974043,7405700714
2025-03-26,0.4471332322200998,-0.42523983237240404,1.483456454326716,7405700714
2025-03-27,0.4456388561151823,-0.5797882093141097,1.3954194004669125,7405700714
2025-03-28,0.4441444800102644,-0.5575092714402317,1.444912872364942,7405700714
2025-03-29,0.44265010390534687,-0.5348683602122236,1.413229337711227,7405700714
2025-03-30,0.4411557278004292,-0.4954789303597644,1.4388069821198761,7405700714
2025-03-31,0.43966135169551157,-0.5117877221151826,1.3998977832970612,7405700714
2025-02-18,3.7817642707449663,3.4679953490044246,4.102707226818663,44942965112
2025-02-19,3.7535581870969197,3.442377982001575,4.054685383554342,44942965112
2025-02-20,3.7253521034488726,3.383929613593818,4.089324456884839,44942965112
2025-02-21,3.697146019800825,3.3366031966048593,4.034053162871042,44942965112
2025-02-22,3.668939936152778,3.3461975593006787,3.9958938868157965,44942965112
2025-02-23,3.640733852504731,3.301331024158585,3.959270529128858,44942965112
2025-02-24,3.612527768856684,3.2628577750231362,3.9380616836872884,44942965112
2025-02-25,3.584321685208637,3.27985020342003,3.918211840235269,44942965112
2025-02-26,3.55611560156059,3.2290005348044812,3.9182144780039545,44942965112
2025-02-27,3.5279095179125433,3.2043356171566613,3.851938418086763,44942965112
2025-02-28,3.499703434264496,3.1607514500117624,3.813726277304478,44942965112
2025-03-01,3.4714973506164486,3.137665737368609,3.7767142404901772,44942965112
2025-03-02,3.4432912669684015,3.110762392695262,3.765894841868613,44942965112
2025-03-03,3.4150851833203544,3.0935622549651245,3.748627795837246,44942965112
2025-03-04,3.3868790996723077,3.065840608558778,3.7171231855414884,44942965112
2025-03-05,3.3586730160242606,3.0333347467217093,3.701816159545863,44942965112
2025-03-06,3.3304669323762135,3.001160300382594,3.658664923449825,44942965112
2025-03-07,3.302260848728167,2.9753758647506308,3.6616636104725577,44942965112
2025-03-08,3.274054765080119,2.9503334558655796,3.60390101315361,44942965112
2025-03-09,3.245848681432072,2.9234934120565175,3.5614192612874698,44942965112
2025-03-10,3.217642597784025,2.8956867346858997,3.545780384572315,44942965112
2025-03-11,3.1894365141359784,2.851283098705147,3.5108996287380023,44942965112
2025-03-12,3.161230430487931,2.830526643335001,3.492735825239683,44942965112
2025-03-13,3.133024346839884,2.7958286993626156,3.462182283445881,44942965112
2025-03-14,3.1048182631918375,2.7833589319991656,3.448602611902737,44942965112
2025-03-15,3.07661217954379,2.7274263462965425,3.4067778257598706,44942965112
2025-03-16,3.0484060958957424,2.727020658256509,3.3903930910156603,44942965112
2025-03-17,3.0202000122476957,2.692121795790651,3.360833082689431,44942965112
2025-03-04,64.37840322776539,63.23492542996503,65.54789662252398,15766844963
2025-03-05,70.76506841929418,69.71934468401501,71.87437889871703,15766844963
2025-03-06,77.64861090889735,76.52639820359616,78.74009451356721,15766844963
2025-03-07,84.94665169220136,83.7804076822552,86.14854925941081,15766844963
2025-03-08,92.55833157052004,91.47587263868951,93.6388734654563,15766844963
2025-03-09,100.3655703983961,99.26149978049071,101.4890588141428,15766844963
2025-03-10,108.23486426423403,107.05496158953663,109.27402454898794,15766844963
2025-03-11,116.0195976388852,114.88319141829734,117.13384803497948,15766844963
2025-03-12,123.56283223519067,122.4297682431468,124.72318835071616,15766844963
2025-03-13,130.70051956717975,129.56140555304268,131.81347595615122,15766844963
2025-03-14,137.26507041173966,136.2095005156162,138.30489458909776,15766844963
2025-03-15,143.08920197962908,142.0022410955619,144.2742055973492,15766844963
2025-03-16,148.00997298765196,146.8363992728143,149.01438438744273,15766844963
2025-03-17,151.8729083393865,150.7829833795379,152.98771453872791,15766844963
2025-03-18,154.53610906573496,153.4468897896439,155.7277577253994,15766844963
2025-03-19,155.87423979096374,154.76495722888808,157.10136880001784,15766844963
2025-03-20,155.7822854388837,154.65417073244404,156.9383126690111,15766844963
2025-03-21,154.1789712751583,153.0847966714913,155.37253345942156,15766844963
2025-03-22,151.00974570674123,149.91650256006116,152.08901489586475,15766844963
2025-03-23,146.24923346211853,145.21745640753275,147.3420769569084,15766844963
2025-03-24,139.90307770536808,138.7361423042934,141.03468218952838,15766844963
2025-03-25,132.00910306579328,130.9200046991452,133.16147322631096,15766844963
2025-03-26,122.63774718912816,121.60925050608317,123.72228158503377,15766844963
2025-03-27,111.89172586548197,110.75631190536232,112.97837744564181,15766844963
2025-03-28,99.90491563580034,98.8069169614057,100.96666563494338,15766844963
2025-03-29,86.84045754465103,85.74450630277394,87.95027699229237,15766844963
2025-03-30,72.88810588037428,71.78372193638856,74.00302485498602,15766844963
2025-03-31,58.2608657935437,57.112059034044094,59.33997931368653,15766844963
2025-01-14,2.2010666809636312,1.6044723050363412,2.7663305756384875,45132580164
2025-01-15,2.39872572894102,1.7678487718263283,2.996549316281471,45132580164
2025-01-16,2.596384776918409,1.987649008236767,3.1313700600381806,45132580164
2025-01-17,2.7940438248958017,2.1766000817061006,3.4071333108751953,45132580164
2025-01-18,2.9917028728731943,2.3772390514410113,3.578268054199094,45132580164
2025-01-19,3.1893619208505832,2.621347675712726,3.770367555553071,45132580164
2025-01-20,3.387020968827972,2.782713166682476,4.010916251011721,45132580164
2025-01-21,3.584680016805361,3.060405341362754,4.174556101097857,45132580164
2025-01-22,3.78233906478275,3.216727574764901,4.360390721334954,45132580164
2025-01-23,3.9799981127601427,3.38033084218364,4.588520407236242,45132580164
2025-01-24,4.177657160737532,3.5561398803374438,4.760485575876849,45132580164
2025-01-25,4.375316208714921,3.760101526217821,4.978454757222565,45132580164
2025-01-26,4.57297525669231,4.029687515091104,5.1555289823052295,45132580164
2025-01-27,4.770634304669699,4.160341592547666,5.3431915378567405,45132580164
2025-01-28,4.968293352647088,4.34528577104196,5.546860954340715,45132580164
2025-01-29,5.165952400624477,4.546352499111697,5.744771791418802,45132580164
2025-01-30,5.363611448601873,4.739040907145109,5.918581316309811,45132580164
2025-01-31,5.561270496579262,4.939774986806524,6.183626910071516,45132580164
2025-02-01,5.758929544556651,5.14302016073795,6.3244444157942885,45132580164
2025-02-02,5.95658859253404,5.371093242745694,6.5421981778909,45132580164
2025-02-03,6.154247640511429,5.496591572411549,6.772884660373615,45132580164
2025-02-04,6.351906688488818,5.740054333316749,6.9457819516188035,45132580164
2025-02-05,6.54956573646621,5.91567748017347,7.140108376911414,45132580164
2025-02-06,6.747224784443599,6.179437004979525,7.345686314413315,45132580164
2025-02-07,6.944883832420988,6.322488425798049,7.564462614943498,45132580164
2025-02-08,7.142542880398377,6.55502208218411,7.771493912760944,45132580164
2025-02-09,7.34020192837577,6.757839113905444,7.96694180227588,45132580164
2025-02-10,7.5378609763531585,6.907902269508116,8.120767921874489,45132580164
2025-02-25,1.936474222804125,0.10721163208079318,3.4748165668309148,45132656942
2025-02-26,1.8864969295776692,0.2990073568674131,3.5480164192098607,45132656942
2025-02-27,1.8365196363512162,0.07793907958780784,3.4765598304448786,45132656942
2025-02-28,1.7865423431247605,0.23240464726345636,3.509043819567258,45132656942
2025-03-01,1.7365650498983047,0.10254178797041166,3.354488547823493,45132656942
2025-03-02,1.68658775667185,0.014105401984219283,3.439146120440499,45132656942
2025-03-03,1.636610463445396,-0.18770357859056946,3.283246649861133,45132656942
2025-03-04,1.5866331702189402,-0.07555852894377166,3.215639700807079,45132656942
2025-03-05,1.5366558769924845,-0.11445433208123335,3.235341932130402,45132656942
2025-03-06,1.4866785837660297,-0.2226165837490246,3.219583658941306,45132656942
2025-03-07,1.4367012905395757,-0.21373040069221885,3.063167213381363,45132656942
2025-03-08,1.38672399731312,-0.2569552299958363,3.0064234845680375,45132656942
2025-03-09,1.3367467040866643,-0.257630462006319,3.0549204082842882,45132656942
2025-03-10,1.2867694108602103,-0.34367387270846195,2.9429731342762424,45132656942
2025-03-11,1.2367921176337546,-0.3389954608872834,2.8366068563880042,45132656942
2025-03-12,1.186814824407299,-0.4501685923818299,2.7515694584633903,45132656942
2025-03-13,1.1368375311808432,-0.6339968007895891,2.82430373561737,45132656942
2025-03-14,1.0868602379543901,-0.5799747181627871,2.703631306025966,45132656942
2025-03-15,1.0368829447279344,-0.5459966221790455,2.810865436378462,45132656942
2025-03-16,0.9869056515014787,-0.667813831211939,2.704087575221092,45132656942
2025-03-17,0.9369283582750256,-0.7294597056106442,2.6413373449544384,45132656942
2025-03-18,0.8869510650485699,-0.7261264316567287,2.5663669898169124,45132656942
2025-03-19,0.8369737718221142,-0.8842835377282627,2.4399819715089768,45132656942
2025-03-20,0.7869964785956585,-0.9476264629754483,2.467313357716548,45132656942
2025-03-21,0.7370191853692054,-0.8802555198273785,2.4858365166660907,45132656942
2025-03-22,0.6870418921427497,-0.9944016668757968,2.466960177470221,45132656942
2025-03-23,0.637064598916294,-1.0546582526921042,2.3449956754304564,45132656942
2025-03-24,0.5870873056898382,-1.052770746501245,2.27223996363146,45132656942
2025-01-07,-2.7075466951000013,-6.266143171234706,0.8003839746840765,9629394497
2025-01-08,-2.5087239043665646,-5.859172307193225,1.1561772986010908,9629394497
2025-01-09,-2.3356317703712817,-5.8234607348435095,1.0256610030158428,9629394497
2025-01-10,-2.190514793326086,-5.705108075926176,1.4569659692408468,9629394497
2025-01-11,-2.0743363101493735,-5.568009647660669,1.6459699016048137,9629394497
2025-01-12,-1.9867798047507588,-5.587619475032669,1.7780246044197028,9629394497
2025-01-13,-1.926291251036285,-5.296964053824302,1.6834898527818865,9629394497
2025-01-14,-1.8901607062611738,-5.436581503763771,1.5943462603375018,9629394497
2025-01-15,-1.8746402365165293,-5.532746765800988,1.6846981552899865,9629394497
2025-01-16,-1.8750942120586824,-5.512308368467495,1.698342647142559,9629394497
2025-01-17,-1.8861770871690684,-5.222506014413388,1.7832889867473252,9629394497
2025-01-18,-1.9020330025840417,-5.391776228135241,1.6745353399382334,9629394497
2025-01-19,-1.9165109398958728,-5.4268933482632455,1.4371030872860457,9629394497
2025-01-20,-1.923388733209042,-5.4977010030103255,1.9700853274992034,9629394497
2025-01-21,-1.9165990148442837,-5.72729777854666,1.349708744259444,9629394497
2025-01-22,-1.890450145089936,-5.285809216331128,1.7609892320745553,9629394497
2025-01-23,-1.8398353504918283,-5.168352406815217,2.005934068620756,9629394497
2025-01-24,-1.7604236656039909,-5.402517192867671,1.7559214204113172,9629394497
2025-01-25,-1.648826828032286,-5.308635443099765,1.7292828332752848,9629394497
2025-01-26,-1.5027369996927238,-5.127176876934441,2.087814592644692,9629394497
2025-01-27,-1.321031057228451,-4.992699053746138,2.228753491644327,9629394497
2025-01-28,-1.1038381863246816,-4.623446999931897,2.2398608317096467,9629394497
2025-01-29,-0.8525685994902279,-4.5790277711047285,2.975939158307862,9629394497
2025-01-30,-0.5699023435628341,-4.223365405891022,2.8848383050528184,9629394497
2025-01-31,-0.25973833884004804,-4.131031713618978,3.4221327374136776,9629394497
2025-02-01,0.07289503739146497,-3.3867704589894463,3.436155343881192,9629394497
2025-02-02,0.421965377478406,-3.0945492685121705,3.97625795218969,9629394497
2025-02-03,0.7805941725049959,-2.8786608575069166,4.327017018470491,9629394497
2025-02-25,-51.67266264818953,-52.37484060592856,-50.96244161051652,4723833696
2025-02-26,-61.18558952054666,-61.9477052062549,-60.489935771253116,4723833696
2025-02-27,-72.37572514717851,-73.03952433841644,-71.62982124271595,4723833696
2025-02-28,-85.20037622876008,-85.90687557991502,-84.55655708995664,4723833696
2025-03-01,-99.56697479818794,-100.26601180370467,-98.82952559471728,4723833696
2025-03-02,-115.33085688742096,-116.0154037293202,-114.65298441155191,4723833696
2025-03-03,-132.29426128903128,-132.94807792634225,-131.61085226390006,4723833696
2025-03-04,-150.20665097764618,-150.90263931796412,-149.5158777268441,4723833696
2025-03-05,-168.76642954398375,-169.49506031351774,-168.03377142453286,4723833696
2025-03-06,-187.62409150497155,-188.3235257010021,-186.92178266405355,4723833696
2025-03-07,-206.38680938577835,-207.10196620576772,-205.69989332586928,4723833696
2025-03-08,-224.62442290601007,-225.31556695405698,-223.94442247119713,4723833696
2025-03-09,-241.87675740025128,-242.49421565525913,-241.15429347863358,4723833696
2025-03-10,-257.66216077546795,-258.33676299015616,-257.0000084660374,4723833696
2025-03-11,-271.4871118652813,-272.15990767160037,-270.82007524372756,4723833696
2025-03-12,-282.85671901637744,-283.58287534315184,-282.17581053320885,4723833696
2025-03-13,-291.28589710731814,-291.9549078240138,-290.577355248511,4723833696
2025-03-14,-296.3109848790856,-296.9946637646996,-295.5804699933899,4723833696
2025-03-15,-297.5015432774659,-298.1740991050672,-296.80844572696265,4723833696
2025-03-16,-294.4720601863814,-295.16937784387096,-293.8028472485005,4723833696
2025-03-17,-286.89327804723547,-287.57346504238893,-286.2247464262021,4723833696
2025-03-18,-274.5028588350248,-275.2179373938584,-273.816850641521,4723833696
2025-03-19,-257.1151059554886,-257.8270761835296,-256.41607922110444,4723833696
2025-03-20,-234.62947490582252,-235.3099457962956,-233.9328755250327,4723833696
2025-03-21,-207.0376238994662,-207.76414250436238,-206.3736218017813,4723833696
2025-03-22,-174.42878178559653,-175.13770999809006,-173.70472076823134,4723833696
2025-03-23,-136.99324301665993,-137.62530102881348,-136.31124463117294,4723833696
2025-03-24,-95.02383747448863,-95.71686656964273,-94.3196952866601,4723833696
